{
  "calib_err": {
    "ece": 1.608202283528645,
    "gme": 11.558687015748832,
    "ice": 20.065667681159344,
    "mce": 47.85542965686274,
    "oce": 21.410729154276197
  },
  "ood_1t": {
    "LSUNR": 0.8859735699401652,
    "SVHN": 0.04951236518145783,
    "ari_mean": 0.4677429675608115,
    "geo_mean": 0.20944366052950214
  },
  "ood_2t": {
    "LSUNR": 0.8216648267663044,
    "SVHN": 0.9047289918796183,
    "ari_mean": 0.8631969093229613,
    "geo_mean": 0.862197187645158
  },
  "ood_d_ent": {
    "LSUNR": 0.14538344740867615,
    "SVHN": 0.18089579045772552,
    "ari_mean": 0.16313961148262024,
    "geo_mean": 0.16217044461342903
  },
  "ood_ent": {
    "LSUNR": 0.19611221551895142,
    "SVHN": 0.2316245585680008,
    "ari_mean": 0.2138683795928955,
    "geo_mean": 0.21313002014120774
  },
  "ood_tt": {
    "LSUNR": 0.8188626258535397,
    "SVHN": 0.9094549875089551,
    "ari_mean": 0.8641588066812474,
    "geo_mean": 0.8629708564993266
  },
  "test_metrics": {
    "L_x": -1.9067715574533513,
    "L_y": 1.1435871040209746,
    "accuracy": 86.8389423076923,
    "bits_per_dim": 3.923362065217765
  }
}