{
  "calib_err": {
    "cifar10": {
      "ece": 0.8173424550530846,
      "gme": 3.9543274643577924,
      "ice": 6.4443319499654805,
      "mce": 11.739130434782608,
      "oce": 0.0
    }
  },
  "ood_1t": {
    "ari_mean": {
      "auc": 67.00921656496286,
      "fpr": 57.57854531983093
    },
    "cifar100": {
      "auc": 58.793839273446494,
      "fpr": 87.5801282051282
    },
    "const32": {
      "auc": 53.627380832569294,
      "fpr": 74.21875
    },
    "geo_mean": {
      "auc": 54.416173333653376,
      "fpr": 0.0
    },
    "lsunc": {
      "auc": 89.70486269879633,
      "fpr": 41.94972826086957
    },
    "lsunr": {
      "auc": 89.70486269879633,
      "fpr": 41.94972826086957
    },
    "svhn": {
      "auc": 10.234369911809631,
      "fpr": 99.77293719211822
    },
    "uniform32": {
      "auc": 99.98998397435898,
      "fpr": 0.0
    }
  },
  "ood_2t": {
    "ari_mean": {
      "auc": 78.89905383560509,
      "fpr": 53.78518280065554
    },
    "cifar100": {
      "auc": 53.79874799679487,
      "fpr": 90.64503205128204
    },
    "const32": {
      "auc": 71.60483774038461,
      "fpr": 65.9755608974359
    },
    "geo_mean": {
      "auc": 77.55482173998774,
      "fpr": 0.0
    },
    "lsunc": {
      "auc": 82.51287364130435,
      "fpr": 55.57065217391305
    },
    "lsunr": {
      "auc": 82.51287364130435,
      "fpr": 55.57065217391305
    },
    "svhn": {
      "auc": 82.96498999384237,
      "fpr": 54.94919950738916
    },
    "uniform32": {
      "auc": 100.0,
      "fpr": 0.0
    }
  },
  "ood_d_ent": {
    "ari_mean": {
      "val": 0.044688522815704346
    },
    "cifar100": {
      "val": 0.03850892558693886
    },
    "const32": {
      "val": 0.009276391007006168
    },
    "geo_mean": {
      "val": 0.03648831408252112
    },
    "lsunc": {
      "val": 0.04599078372120857
    },
    "lsunr": {
      "val": 0.04599078372120857
    },
    "svhn": {
      "val": 0.032625019550323486
    },
    "uniform32": {
      "val": 0.09573923796415329
    }
  },
  "ood_ent": {
    "ari_mean": {
      "val": 0.056518275290727615
    },
    "cifar100": {
      "val": 0.05033867806196213
    },
    "const32": {
      "val": 0.021106142550706863
    },
    "geo_mean": {
      "val": 0.050700635254830526
    },
    "lsunc": {
      "val": 0.05782053619623184
    },
    "lsunr": {
      "val": 0.05782053619623184
    },
    "svhn": {
      "val": 0.044454772025346756
    },
    "uniform32": {
      "val": 0.10756898671388626
    }
  },
  "ood_tt": {
    "ari_mean": {
      "auc": 78.88583490162688,
      "fpr": 53.86559703493034
    },
    "cifar100": {
      "auc": 53.774369319436744,
      "fpr": 90.48477564102564
    },
    "const32": {
      "auc": 71.59765671147554,
      "fpr": 66.45633012820514
    },
    "geo_mean": {
      "auc": 77.54055323137926,
      "fpr": 0.0
    },
    "lsunc": {
      "auc": 82.55949328708543,
      "fpr": 54.58559782608695
    },
    "lsunr": {
      "auc": 82.55949328708543,
      "fpr": 54.58559782608695
    },
    "svhn": {
      "auc": 82.83401283031915,
      "fpr": 57.08128078817734
    },
    "uniform32": {
      "auc": 99.98998397435898,
      "fpr": 0.0
    }
  },
  "test_metrics": {
    "cifar10": {
      "L_x": -0.286457176391895,
      "L_y": 2.052547969879248,
      "accuracy": 92.8485576923077,
      "bits_per_dim": 6.260981587456198
    }
  }
}