{
  "calib_err": {
    "cifar10": {
      "ece": 0.8173424550530846,
      "gme": 3.9543274643577924,
      "ice": 6.4443319499654805,
      "mce": 11.739130434782608,
      "oce": 0.0
    }
  },
  "ood_1t": {
    "ari_mean": {
      "auc": 59.98058992136049,
      "fpr": 65.59926524260764
    },
    "cifar100": {
      "auc": 58.799396542480785,
      "fpr": 87.60016025641025
    },
    "const32": {
      "auc": 53.673831856932644,
      "fpr": 74.45913461538461
    },
    "geo_mean": {
      "auc": 48.95097228423437,
      "fpr": 0.0
    },
    "lsunc": {
      "auc": 47.47761499921614,
      "fpr": 89.74184782608695
    },
    "lsunr": {
      "auc": 89.7058646415787,
      "fpr": 42.01766304347826
    },
    "svhn": {
      "auc": 10.236847513595645,
      "fpr": 99.77678571428571
    },
    "uniform32": {
      "auc": 99.98998397435898,
      "fpr": 0.0
    }
  },
  "ood_2t": {
    "ari_mean": {
      "auc": 75.34105934777288,
      "fpr": 58.53764538289463
    },
    "cifar100": {
      "auc": 53.8010266426282,
      "fpr": 90.63501602564102
    },
    "const32": {
      "auc": 71.0713591746795,
      "fpr": 66.73677884615384
    },
    "geo_mean": {
      "auc": 73.79505254268383,
      "fpr": 0.0
    },
    "lsunc": {
      "auc": 61.69826766304348,
      "fpr": 83.35597826086956
    },
    "lsunr": {
      "auc": 82.51492866847825,
      "fpr": 55.502717391304344
    },
    "svhn": {
      "auc": 82.9607739378079,
      "fpr": 54.99538177339901
    },
    "uniform32": {
      "auc": 100.0,
      "fpr": 0.0
    }
  },
  "ood_d_ent": {
    "ari_mean": {
      "val": 0.043674733489751816
    },
    "cifar100": {
      "val": 0.037942059338092804
    },
    "const32": {
      "val": 0.008762459270656109
    },
    "geo_mean": {
      "val": 0.03550470780615988
    },
    "lsunc": {
      "val": 0.0445634089410305
    },
    "lsunr": {
      "val": 0.044835906475782394
    },
    "svhn": {
      "val": 0.03215065225958824
    },
    "uniform32": {
      "val": 0.09379390627145767
    }
  },
  "ood_ent": {
    "ari_mean": {
      "val": 0.0556451641023159
    },
    "cifar100": {
      "val": 0.04991248995065689
    },
    "const32": {
      "val": 0.02073289081454277
    },
    "geo_mean": {
      "val": 0.04993748080012896
    },
    "lsunc": {
      "val": 0.05653383955359459
    },
    "lsunr": {
      "val": 0.05680633708834648
    },
    "svhn": {
      "val": 0.04412108287215233
    },
    "uniform32": {
      "val": 0.10576433688402176
    }
  },
  "ood_tt": {
    "ari_mean": {
      "auc": 75.31355043052052,
      "fpr": 58.8363527714165
    },
    "cifar100": {
      "auc": 53.778194550383176,
      "fpr": 90.47475961538461
    },
    "const32": {
      "auc": 71.06752966204259,
      "fpr": 67.03725961538461
    },
    "geo_mean": {
      "auc": 73.76671201033487,
      "fpr": 0.0
    },
    "lsunc": {
      "auc": 61.654925053999435,
      "fpr": 83.83152173913044
    },
    "lsunr": {
      "auc": 82.55950859690722,
      "fpr": 54.58559782608695
    },
    "svhn": {
      "auc": 82.83116074543162,
      "fpr": 57.08897783251231
    },
    "uniform32": {
      "auc": 99.98998397435898,
      "fpr": 0.0
    }
  },
  "test_metrics": {
    "cifar10": {
      "L_x": -0.286457176391895,
      "L_y": 2.052547969879248,
      "accuracy": 92.8485576923077,
      "bits_per_dim": 6.260981587456198
    }
  }
}