{
  "calib_err": {
    "svhn": {
      "ece": 0.9276609308612996,
      "gme": 3.315106468608695,
      "ice": 4.723563647047521,
      "mce": 8.314447592067985,
      "oce": 0.7896015549076774
    }
  },
  "ood_1t": {
    "ari_mean": {
      "auc": 84.42936000830294,
      "fpr": 21.348650594574508
    },
    "cifar10": {
      "auc": 99.19797572822179,
      "fpr": 3.3353365384615383
    },
    "cifar100": {
      "auc": 99.06563902798665,
      "fpr": 4.066506410256411
    },
    "const32": {
      "auc": 17.832602746290615,
      "fpr": 97.62620192307693
    },
    "geo_mean": {
      "auc": 73.57037793454295,
      "fpr": 0.0
    },
    "lsunc": {
      "auc": 90.53496432064381,
      "fpr": 23.029891304347828
    },
    "lsunr": {
      "auc": 99.95499425231583,
      "fpr": 0.033967391304347824
    },
    "uniform32": {
      "auc": 99.98998397435898,
      "fpr": 0.0
    }
  },
  "ood_2t": {
    "ari_mean": {
      "auc": 94.67933962455872,
      "fpr": 13.553714929394276
    },
    "cifar10": {
      "auc": 98.54073517628206,
      "fpr": 5.789262820512821
    },
    "cifar100": {
      "auc": 98.27439903846155,
      "fpr": 6.931089743589744
    },
    "const32": {
      "auc": 80.34375,
      "fpr": 42.888621794871796
    },
    "geo_mean": {
      "auc": 94.39398618690545,
      "fpr": 0.0
    },
    "lsunc": {
      "auc": 90.94451426630434,
      "fpr": 25.611413043478258
    },
    "lsunr": {
      "auc": 99.97263926630434,
      "fpr": 0.10190217391304347
    },
    "uniform32": {
      "auc": 100.0,
      "fpr": 0.0
    }
  },
  "ood_d_ent": {
    "ari_mean": {
      "val": 0.47009316086769104
    },
    "cifar10": {
      "val": 0.5811934471130371
    },
    "cifar100": {
      "val": 0.5877337455749512
    },
    "const32": {
      "val": 0.18259182572364807
    },
    "geo_mean": {
      "val": 0.44042805254124234
    },
    "lsunc": {
      "val": 0.49087175726890564
    },
    "lsunr": {
      "val": 0.5174940824508667
    },
    "uniform32": {
      "val": 0.4606740176677704
    }
  },
  "ood_ent": {
    "ari_mean": {
      "val": 0.5469279885292053
    },
    "cifar10": {
      "val": 0.6580283045768738
    },
    "cifar100": {
      "val": 0.6645686030387878
    },
    "const32": {
      "val": 0.25942665338516235
    },
    "geo_mean": {
      "val": 0.5234669096002513
    },
    "lsunc": {
      "val": 0.5677065849304199
    },
    "lsunr": {
      "val": 0.5943288803100586
    },
    "uniform32": {
      "val": 0.5375088453292847
    }
  },
  "ood_tt": {
    "ari_mean": {
      "auc": 94.52536887622637,
      "fpr": 14.168829547565961
    },
    "cifar10": {
      "auc": 98.87486041397763,
      "fpr": 3.3854166666666665
    },
    "cifar100": {
      "auc": 98.61007734758618,
      "fpr": 4.106570512820513
    },
    "const32": {
      "auc": 78.36982984351316,
      "fpr": 56.01963141025641
    },
    "geo_mean": {
      "auc": 94.17585893537984,
      "fpr": 0.0
    },
    "lsunc": {
      "auc": 91.35289097220362,
      "fpr": 21.467391304347828
    },
    "lsunr": {
      "auc": 99.95457070571858,
      "fpr": 0.033967391304347824
    },
    "uniform32": {
      "auc": 99.98998397435898,
      "fpr": 0.0
    }
  },
  "test_metrics": {
    "svhn": {
      "L_x": -2.560214843656042,
      "L_y": 2.0304740050743364,
      "accuracy": 94.26570197044335,
      "bits_per_dim": 2.980642676710956
    }
  }
}