{
  "calib_err": {
    "svhn": {
      "ece": 0.6383954515759696,
      "gme": 3.3938899512501357,
      "ice": 5.0101797081932675,
      "mce": 12.222222222222218,
      "oce": 0.0
    }
  },
  "ood_1t": {
    "ari_mean": {
      "auc": 96.95064992024248,
      "fpr": 9.784786092530657
    },
    "cifar10": {
      "auc": 99.11654579439173,
      "fpr": 3.7259615384615383
    },
    "cifar100": {
      "auc": 99.07222322341363,
      "fpr": 3.956330128205128
    },
    "const32": {
      "auc": 89.88020765490795,
      "fpr": 28.67588141025641
    },
    "geo_mean": {
      "auc": 96.8734654721502,
      "fpr": 0.0
    },
    "lsunc": {
      "auc": 93.73467323432313,
      "fpr": 22.282608695652172
    },
    "lsunr": {
      "auc": 99.91026564005945,
      "fpr": 0.06793478260869565
    },
    "uniform32": {
      "auc": 99.98998397435898,
      "fpr": 0.0
    }
  },
  "ood_2t": {
    "ari_mean": {
      "auc": 95.52904520421079,
      "fpr": 13.335104282794498
    },
    "cifar10": {
      "auc": 98.2548327323718,
      "fpr": 7.6923076923076925
    },
    "cifar100": {
      "auc": 98.18475060096155,
      "fpr": 7.992788461538461
    },
    "const32": {
      "auc": 86.3371844951923,
      "fpr": 34.094551282051285
    },
    "geo_mean": {
      "auc": 95.38251158459279,
      "fpr": 0.0
    },
    "lsunc": {
      "auc": 90.52992527173913,
      "fpr": 29.959239130434785
    },
    "lsunr": {
      "auc": 99.86757812500001,
      "fpr": 0.2717391304347826
    },
    "uniform32": {
      "auc": 100.0,
      "fpr": 0.0
    }
  },
  "ood_d_ent": {
    "ari_mean": {
      "val": 0.05486709251999855
    },
    "cifar10": {
      "val": 0.05545295029878616
    },
    "cifar100": {
      "val": 0.0554722398519516
    },
    "const32": {
      "val": 0.04282190278172493
    },
    "geo_mean": {
      "val": 0.054454970120069175
    },
    "lsunc": {
      "val": 0.053535345941782
    },
    "lsunr": {
      "val": 0.06526636332273483
    },
    "uniform32": {
      "val": 0.056653767824172974
    }
  },
  "ood_ent": {
    "ari_mean": {
      "val": 0.057107482105493546
    },
    "cifar10": {
      "val": 0.05769333988428116
    },
    "cifar100": {
      "val": 0.057712629437446594
    },
    "const32": {
      "val": 0.045062292367219925
    },
    "geo_mean": {
      "val": 0.05671253963884416
    },
    "lsunc": {
      "val": 0.05577573552727699
    },
    "lsunr": {
      "val": 0.06750675290822983
    },
    "uniform32": {
      "val": 0.05889415740966797
    }
  },
  "ood_tt": {
    "ari_mean": {
      "auc": 95.92600974745635,
      "fpr": 9.960211701040505
    },
    "cifar10": {
      "auc": 98.81408911123563,
      "fpr": 3.8361378205128207
    },
    "cifar100": {
      "auc": 98.71043978246969,
      "fpr": 4.066506410256411
    },
    "const32": {
      "auc": 86.90650923558975,
      "fpr": 29.06650641025641
    },
    "geo_mean": {
      "auc": 95.78988615338655,
      "fpr": 0.0
    },
    "lsunc": {
      "auc": 91.23513717471621,
      "fpr": 22.690217391304348
    },
    "lsunr": {
      "auc": 99.89989920636782,
      "fpr": 0.10190217391304347
    },
    "uniform32": {
      "auc": 99.98998397435898,
      "fpr": 0.0
    }
  },
  "test_metrics": {
    "svhn": {
      "L_x": -1.3213579566607923,
      "L_y": 2.1603232956872196,
      "accuracy": 97.02509236453201,
      "bits_per_dim": 4.767935363950142
    }
  }
}