{
  "calib_err": {
    "svhn": {
      "ece": 0.6383954515759696,
      "gme": 3.3938899512501357,
      "ice": 5.0101797081932675,
      "mce": 12.222222222222218,
      "oce": 0.0
    }
  },
  "ood_1t": {
    "ari_mean": {
      "auc": 88.79083926897756,
      "fpr": 24.885408500534535
    },
    "cifar100": {
      "auc": 99.07221397215841,
      "fpr": 3.9663461538461537
    },
    "const32": {
      "auc": 90.04258452995236,
      "fpr": 27.994791666666668
    },
    "geo_mean": {
      "auc": 86.45694801909087,
      "fpr": 0.0
    },
    "lsunc": {
      "auc": 93.73385163235906,
      "fpr": 22.282608695652172
    },
    "lsunr": {
      "auc": 99.91024995314845,
      "fpr": 0.06793478260869565
    },
    "svhn": {
      "auc": 49.996151551888126,
      "fpr": 95.0007697044335
    },
    "uniform32": {
      "auc": 99.98998397435898,
      "fpr": 0.0
    }
  },
  "ood_2t": {
    "ari_mean": {
      "auc": 87.55518263057546,
      "fpr": 27.860446636800646
    },
    "cifar100": {
      "auc": 98.18481069711538,
      "fpr": 7.992788461538461
    },
    "const32": {
      "auc": 86.75266426282052,
      "fpr": 33.934294871794876
    },
    "geo_mean": {
      "auc": 85.29273267535,
      "fpr": 0.0
    },
    "lsunc": {
      "auc": 90.53182744565218,
      "fpr": 29.959239130434785
    },
    "lsunr": {
      "auc": 99.86769701086958,
      "fpr": 0.2717391304347826
    },
    "svhn": {
      "auc": 49.994096366995066,
      "fpr": 95.004618226601
    },
    "uniform32": {
      "auc": 100.0,
      "fpr": 0.0
    }
  },
  "ood_d_ent": {
    "ari_mean": {
      "val": 0.04514613375067711
    },
    "cifar100": {
      "val": 0.05342285335063934
    },
    "const32": {
      "val": 0.04506535083055496
    },
    "geo_mean": {
      "val": 0.0021746257574330645
    },
    "lsunc": {
      "val": 0.053724631667137146
    },
    "lsunr": {
      "val": 0.06225311756134033
    },
    "svhn": {
      "val": 2.3283064365386963e-10
    },
    "uniform32": {
      "val": 0.05641085281968117
    }
  },
  "ood_ent": {
    "ari_mean": {
      "val": 0.047405775636434555
    },
    "cifar100": {
      "val": 0.05568249523639679
    },
    "const32": {
      "val": 0.04732499271631241
    },
    "geo_mean": {
      "val": 0.03287229949686166
    },
    "lsunc": {
      "val": 0.05598427355289459
    },
    "lsunr": {
      "val": 0.06451275944709778
    },
    "svhn": {
      "val": 0.002259643282741308
    },
    "uniform32": {
      "val": 0.058670494705438614
    }
  },
  "ood_tt": {
    "ari_mean": {
      "auc": 87.8470282193746,
      "fpr": 25.02410868169395
    },
    "cifar100": {
      "auc": 98.71045539396285,
      "fpr": 4.066506410256411
    },
    "const32": {
      "auc": 87.24918575077267,
      "fpr": 28.28525641025641
    },
    "geo_mean": {
      "auc": 85.56415767809753,
      "fpr": 0.0
    },
    "lsunc": {
      "auc": 91.23656141551155,
      "fpr": 22.690217391304348
    },
    "lsunr": {
      "auc": 99.89983122975343,
      "fpr": 0.10190217391304347
    },
    "svhn": {
      "auc": 49.996151551888126,
      "fpr": 95.0007697044335
    },
    "uniform32": {
      "auc": 99.98998397435898,
      "fpr": 0.0
    }
  },
  "test_metrics": {
    "svhn": {
      "L_x": -1.3213579566607923,
      "L_y": 2.1603232956872196,
      "accuracy": 97.02509236453201,
      "bits_per_dim": 4.767935363950142
    }
  }
}