{
  "calib_err": {
    "svhn": {
      "ece": 0.9637441367283719,
      "gme": 3.631817205331404,
      "ice": 4.783253297760269,
      "mce": 10.391705069124423,
      "oce": 0.6888346170705741
    }
  },
  "ood_1t": {
    "ari_mean": {
      "auc": 84.36899341445735,
      "fpr": 20.87368775548123
    },
    "cifar10": {
      "auc": 99.20365908267269,
      "fpr": 3.2852564102564106
    },
    "cifar100": {
      "auc": 99.08079586050737,
      "fpr": 3.956330128205128
    },
    "const32": {
      "auc": 17.391486129963116,
      "fpr": 95.24238782051282
    },
    "geo_mean": {
      "auc": 73.27428417531667,
      "fpr": 0.0
    },
    "lsunc": {
      "auc": 90.59259149547717,
      "fpr": 22.724184782608695
    },
    "lsunr": {
      "auc": 99.95544394376475,
      "fpr": 0.033967391304347824
    },
    "uniform32": {
      "auc": 99.98998397435898,
      "fpr": 0.0
    }
  },
  "ood_2t": {
    "ari_mean": {
      "auc": 95.54893677710425,
      "fpr": 11.88713535860275
    },
    "cifar10": {
      "auc": 98.55762720352564,
      "fpr": 5.598958333333334
    },
    "cifar100": {
      "auc": 98.29901842948718,
      "fpr": 6.740785256410256
    },
    "const32": {
      "auc": 85.38536157852565,
      "fpr": 33.47355769230769
    },
    "geo_mean": {
      "auc": 95.38651346548411,
      "fpr": 0.0
    },
    "lsunc": {
      "auc": 91.07831182065217,
      "fpr": 25.373641304347828
    },
    "lsunr": {
      "auc": 99.97330163043479,
      "fpr": 0.1358695652173913
    },
    "uniform32": {
      "auc": 100.0,
      "fpr": 0.0
    }
  },
  "ood_d_ent": {
    "ari_mean": {
      "val": 0.5515007376670837
    },
    "cifar10": {
      "val": 0.6274929046630859
    },
    "cifar100": {
      "val": 0.6279910206794739
    },
    "const32": {
      "val": 0.28116241097450256
    },
    "geo_mean": {
      "val": 0.5317339840809352
    },
    "lsunc": {
      "val": 0.5244344472885132
    },
    "lsunr": {
      "val": 0.6059975624084473
    },
    "uniform32": {
      "val": 0.6419259309768677
    }
  },
  "ood_ent": {
    "ari_mean": {
      "val": 0.6512832641601562
    },
    "cifar10": {
      "val": 0.7272754311561584
    },
    "cifar100": {
      "val": 0.7277735471725464
    },
    "const32": {
      "val": 0.3809449374675751
    },
    "geo_mean": {
      "val": 0.6355249391442848
    },
    "lsunc": {
      "val": 0.6242169737815857
    },
    "lsunr": {
      "val": 0.7057800889015198
    },
    "uniform32": {
      "val": 0.7417084574699402
    }
  },
  "ood_tt": {
    "ari_mean": {
      "auc": 95.38361467114383,
      "fpr": 12.41515410163508
    },
    "cifar10": {
      "auc": 98.88738526439101,
      "fpr": 3.3353365384615383
    },
    "cifar100": {
      "auc": 98.63174224541285,
      "fpr": 3.986378205128205
    },
    "const32": {
      "auc": 83.34858383481304,
      "fpr": 45.97355769230769
    },
    "geo_mean": {
      "auc": 95.17676484168985,
      "fpr": 0.0
    },
    "lsunc": {
      "auc": 91.48884289370383,
      "fpr": 21.161684782608695
    },
    "lsunr": {
      "auc": 99.95514981418332,
      "fpr": 0.033967391304347824
    },
    "uniform32": {
      "auc": 99.98998397435898,
      "fpr": 0.0
    }
  },
  "test_metrics": {
    "svhn": {
      "L_x": -2.5665238115000606,
      "L_y": 2.009339978542234,
      "accuracy": 93.6268472906404,
      "bits_per_dim": 2.971540760089262
    }
  }
}