{
  "calib_err": {
    "svhn": {
      "ece": 0.7516588536695664,
      "gme": 2.4156268139252637,
      "ice": 2.474874256412175,
      "mce": 7.577319587628873,
      "oce": 0.0
    }
  },
  "ood_1t": {
    "ari_mean": {
      "auc": 91.88324308179695,
      "fpr": 15.65962061036789
    },
    "cifar10": {
      "auc": 99.3073986111769,
      "fpr": 2.8846153846153846
    },
    "cifar100": {
      "auc": 99.2509437899284,
      "fpr": 3.3153044871794872
    },
    "const32": {
      "auc": 60.70696276758329,
      "fpr": 67.20753205128204
    },
    "geo_mean": {
      "auc": 90.53590326152639,
      "fpr": 0.0
    },
    "lsunc": {
      "auc": 92.09105360301155,
      "fpr": 20.48233695652174
    },
    "lsunr": {
      "auc": 99.95311574472252,
      "fpr": 0.06793478260869565
    },
    "uniform32": {
      "auc": 99.98998397435898,
      "fpr": 0.0
    }
  },
  "ood_2t": {
    "ari_mean": {
      "auc": 94.3720147888796,
      "fpr": 15.263116638795987
    },
    "cifar10": {
      "auc": 98.70784755608975,
      "fpr": 5.4787660256410255
    },
    "cifar100": {
      "auc": 98.56313601762821,
      "fpr": 5.939503205128204
    },
    "const32": {
      "auc": 76.88274238782053,
      "fpr": 56.00961538461539
    },
    "geo_mean": {
      "auc": 93.97474039078011,
      "fpr": 0.0
    },
    "lsunc": {
      "auc": 92.1164402173913,
      "fpr": 24.04891304347826
    },
    "lsunr": {
      "auc": 99.96192255434782,
      "fpr": 0.10190217391304347
    },
    "uniform32": {
      "auc": 100.0,
      "fpr": 0.0
    }
  },
  "ood_d_ent": {
    "ari_mean": {
      "val": 0.17103798687458038
    },
    "cifar10": {
      "val": 0.19646024703979492
    },
    "cifar100": {
      "val": 0.18665964901447296
    },
    "const32": {
      "val": 0.12349636852741241
    },
    "geo_mean": {
      "val": 0.16750194396651014
    },
    "lsunc": {
      "val": 0.18918628990650177
    },
    "lsunr": {
      "val": 0.20416375994682312
    },
    "uniform32": {
      "val": 0.1262616515159607
    }
  },
  "ood_ent": {
    "ari_mean": {
      "val": 0.17974735796451569
    },
    "cifar10": {
      "val": 0.20516963303089142
    },
    "cifar100": {
      "val": 0.19536903500556946
    },
    "const32": {
      "val": 0.1322057545185089
    },
    "geo_mean": {
      "val": 0.17640172517392483
    },
    "lsunc": {
      "val": 0.19789567589759827
    },
    "lsunr": {
      "val": 0.21287314593791962
    },
    "uniform32": {
      "val": 0.1349710375070572
    }
  },
  "ood_tt": {
    "ari_mean": {
      "auc": 94.41251928728055,
      "fpr": 14.966845503530285
    },
    "cifar10": {
      "auc": 99.08546562430925,
      "fpr": 2.8846153846153846
    },
    "cifar100": {
      "auc": 98.93342240133474,
      "fpr": 3.3153044871794872
    },
    "const32": {
      "auc": 75.97249927161785,
      "fpr": 63.83213141025641
    },
    "geo_mean": {
      "auc": 93.97574567547058,
      "fpr": 0.0
    },
    "lsunc": {
      "auc": 92.54063001458256,
      "fpr": 19.70108695652174
    },
    "lsunr": {
      "auc": 99.95311443747994,
      "fpr": 0.06793478260869565
    },
    "uniform32": {
      "auc": 99.98998397435898,
      "fpr": 0.0
    }
  },
  "test_metrics": {
    "svhn": {
      "L_x": -2.4246035338622596,
      "L_y": 2.0929372927238203,
      "accuracy": 96.5632697044335,
      "bits_per_dim": 3.1762884408389027
    }
  }
}