{
  "calib_err": {
    "cifar10": {
      "ece": 0.7067005487530055,
      "gme": 3.466532055997108,
      "ice": 4.251802376495188,
      "mce": 13.863636363636367,
      "oce": 1.4668133480014667
    }
  },
  "ood_1t": {
    "ari_mean": {
      "auc": 53.597039004532725,
      "fpr": 68.03606517196988
    },
    "cifar100": {
      "auc": 55.15548886632074,
      "fpr": 89.40304487179486
    },
    "const32": {
      "auc": 27.18524619358923,
      "fpr": 91.43629807692307
    },
    "geo_mean": {
      "auc": 39.29481658691632,
      "fpr": 0.0
    },
    "lsunc": {
      "auc": 43.21855355797537,
      "fpr": 90.35326086956522
    },
    "lsunr": {
      "auc": 89.69900243922886,
      "fpr": 37.05842391304348
    },
    "svhn": {
      "auc": 6.333958995723206,
      "fpr": 99.96536330049261
    },
    "uniform32": {
      "auc": 99.98998397435898,
      "fpr": 0.0
    }
  },
  "ood_2t": {
    "ari_mean": {
      "auc": 77.65026811406854,
      "fpr": 54.695024711774145
    },
    "cifar100": {
      "auc": 53.6530548878205,
      "fpr": 91.34615384615384
    },
    "const32": {
      "auc": 76.50990584935897,
      "fpr": 60.016025641025635
    },
    "geo_mean": {
      "auc": 76.05275974792572,
      "fpr": 0.0
    },
    "lsunc": {
      "auc": 63.90385529891304,
      "fpr": 80.87635869565217
    },
    "lsunr": {
      "auc": 83.61669497282608,
      "fpr": 47.48641304347826
    },
    "svhn": {
      "auc": 88.21809767549261,
      "fpr": 48.445197044334975
    },
    "uniform32": {
      "auc": 100.0,
      "fpr": 0.0
    }
  },
  "ood_d_ent": {
    "ari_mean": {
      "val": 0.07434152811765671
    },
    "cifar100": {
      "val": 0.06320485472679138
    },
    "const32": {
      "val": 0.0728037878870964
    },
    "geo_mean": {
      "val": 0.07166373094667901
    },
    "lsunc": {
      "val": 0.07269956171512604
    },
    "lsunr": {
      "val": 0.07289217412471771
    },
    "svhn": {
      "val": 0.0474981889128685
    },
    "uniform32": {
      "val": 0.11695056408643723
    }
  },
  "ood_ent": {
    "ari_mean": {
      "val": 0.09364236146211624
    },
    "cifar100": {
      "val": 0.08250569552183151
    },
    "const32": {
      "val": 0.09210462868213654
    },
    "geo_mean": {
      "val": 0.09149430259363822
    },
    "lsunc": {
      "val": 0.09200040251016617
    },
    "lsunr": {
      "val": 0.09219301491975784
    },
    "svhn": {
      "val": 0.06679902970790863
    },
    "uniform32": {
      "val": 0.13625140488147736
    }
  },
  "ood_tt": {
    "ari_mean": {
      "auc": 77.69863386207055,
      "fpr": 53.74579086658594
    },
    "cifar100": {
      "auc": 53.53025176821375,
      "fpr": 91.8369391025641
    },
    "const32": {
      "auc": 76.80148213102504,
      "fpr": 57.291666666666664
    },
    "geo_mean": {
      "auc": 76.08127412476766,
      "fpr": 0.0
    },
    "lsunc": {
      "auc": 63.87963608621621,
      "fpr": 80.06114130434783
    },
    "lsunr": {
      "auc": 82.88127682280779,
      "fpr": 52.309782608695656
    },
    "svhn": {
      "auc": 89.10917238980151,
      "fpr": 40.97521551724138
    },
    "uniform32": {
      "auc": 99.98998397435898,
      "fpr": 0.0
    }
  },
  "test_metrics": {
    "cifar10": {
      "L_x": -1.4986236981856518,
      "L_y": 2.021010840550447,
      "accuracy": 91.22596153846153,
      "bits_per_dim": 4.5121949577327225
    }
  }
}