{
  "calib_err": {
    "cifar10": {
      "ece": 0.7611717063551686,
      "gme": 3.4514476497669526,
      "ice": 5.149174676031852,
      "mce": 10.490196078431369,
      "oce": 3.322259136212624
    }
  },
  "ood_1t": {
    "ari_mean": {
      "auc": 57.07235858838607,
      "fpr": 65.88050125578236
    },
    "cifar100": {
      "auc": 57.07298996102097,
      "fpr": 88.30128205128204
    },
    "const32": {
      "auc": 41.199244612694415,
      "fpr": 82.95272435897436
    },
    "geo_mean": {
      "auc": 44.279489836373656,
      "fpr": 0.0
    },
    "lsunc": {
      "auc": 46.222544726453634,
      "fpr": 88.34918478260869
    },
    "lsunr": {
      "auc": 90.26583668380279,
      "fpr": 35.733695652173914
    },
    "svhn": {
      "auc": 7.683551571985619,
      "fpr": 99.94612068965517
    },
    "uniform32": {
      "auc": 99.98998397435898,
      "fpr": 0.0
    }
  },
  "ood_2t": {
    "ari_mean": {
      "auc": 76.64279098377924,
      "fpr": 56.70798093112327
    },
    "cifar100": {
      "auc": 53.47493990384615,
      "fpr": 91.04567307692307
    },
    "const32": {
      "auc": 72.40569411057692,
      "fpr": 66.53645833333334
    },
    "geo_mean": {
      "auc": 75.05701550756768,
      "fpr": 0.0
    },
    "lsunc": {
      "auc": 63.75027173913044,
      "fpr": 81.21603260869566
    },
    "lsunr": {
      "auc": 84.21537024456522,
      "fpr": 46.73913043478261
    },
    "svhn": {
      "auc": 86.01046990455666,
      "fpr": 54.710591133004925
    },
    "uniform32": {
      "auc": 100.0,
      "fpr": 0.0
    }
  },
  "ood_d_ent": {
    "ari_mean": {
      "val": 0.04816661402583122
    },
    "cifar100": {
      "val": 0.039615124464035034
    },
    "const32": {
      "val": 0.009538539685308933
    },
    "geo_mean": {
      "val": 0.0370541087311678
    },
    "lsunc": {
      "val": 0.04395288974046707
    },
    "lsunr": {
      "val": 0.03968194127082825
    },
    "svhn": {
      "val": 0.031488265842199326
    },
    "uniform32": {
      "val": 0.1247229054570198
    }
  },
  "ood_ent": {
    "ari_mean": {
      "val": 0.05929781496524811
    },
    "cifar100": {
      "val": 0.05074632912874222
    },
    "const32": {
      "val": 0.020669743418693542
    },
    "geo_mean": {
      "val": 0.05070729803988742
    },
    "lsunc": {
      "val": 0.055084094405174255
    },
    "lsunr": {
      "val": 0.05081314593553543
    },
    "svhn": {
      "val": 0.04261947050690651
    },
    "uniform32": {
      "val": 0.135854110121727
    }
  },
  "ood_tt": {
    "ari_mean": {
      "auc": 76.64130322425711,
      "fpr": 56.43965913391747
    },
    "cifar100": {
      "auc": 53.36292224209377,
      "fpr": 91.95713141025641
    },
    "const32": {
      "auc": 72.4851278471837,
      "fpr": 65.44471153846155
    },
    "geo_mean": {
      "auc": 75.04023498990091,
      "fpr": 0.0
    },
    "lsunc": {
      "auc": 63.66296978698527,
      "fpr": 81.0461956521739
    },
    "lsunr": {
      "auc": 83.46461335419279,
      "fpr": 52.27581521739131
    },
    "svhn": {
      "auc": 86.88220214072813,
      "fpr": 47.91410098522167
    },
    "uniform32": {
      "auc": 99.98998397435898,
      "fpr": 0.0
    }
  },
  "test_metrics": {
    "cifar10": {
      "L_x": -1.0384673590843494,
      "L_y": 2.0447377807054763,
      "accuracy": 92.51802884615384,
      "bits_per_dim": 5.17606022618779
    }
  }
}