{
  "calib_err": {
    "svhn": {
      "ece": 0.8440238675242465,
      "gme": 3.1140849420573358,
      "ice": 4.09111637467195,
      "mce": 8.745704467353942,
      "oce": 0.6324019776934575
    }
  },
  "ood_1t": {
    "ari_mean": {
      "auc": 86.21779366864321,
      "fpr": 19.563765793385357
    },
    "cifar10": {
      "auc": 99.19100914757948,
      "fpr": 3.295272435897436
    },
    "cifar100": {
      "auc": 99.06567853855577,
      "fpr": 4.076522435897436
    },
    "const32": {
      "auc": 28.547356998105837,
      "fpr": 86.87900641025641
    },
    "geo_mean": {
      "auc": 79.57465540001053,
      "fpr": 0.0
    },
    "lsunc": {
      "auc": 90.55906464492364,
      "fpr": 23.097826086956523
    },
    "lsunr": {
      "auc": 99.95366870833557,
      "fpr": 0.033967391304347824
    },
    "uniform32": {
      "auc": 99.98998397435898,
      "fpr": 0.0
    }
  },
  "ood_2t": {
    "ari_mean": {
      "auc": 95.28204427809133,
      "fpr": 12.890915319583797
    },
    "cifar10": {
      "auc": 98.52548076923078,
      "fpr": 5.819310897435898
    },
    "cifar100": {
      "auc": 98.27141426282051,
      "fpr": 6.860977564102565
    },
    "const32": {
      "auc": 83.9074969951923,
      "fpr": 38.782051282051285
    },
    "geo_mean": {
      "auc": 95.08870373959986,
      "fpr": 0.0
    },
    "lsunc": {
      "auc": 91.01939538043477,
      "fpr": 25.78125
    },
    "lsunr": {
      "auc": 99.96847826086956,
      "fpr": 0.10190217391304347
    },
    "uniform32": {
      "auc": 100.0,
      "fpr": 0.0
    }
  },
  "ood_d_ent": {
    "ari_mean": {
      "val": 0.46751299500465393
    },
    "cifar10": {
      "val": 0.5301299095153809
    },
    "cifar100": {
      "val": 0.5379495024681091
    },
    "const32": {
      "val": 0.24643023312091827
    },
    "geo_mean": {
      "val": 0.45263792959557253
    },
    "lsunc": {
      "val": 0.48349669575691223
    },
    "lsunr": {
      "val": 0.5246816277503967
    },
    "uniform32": {
      "val": 0.4823901951313019
    }
  },
  "ood_ent": {
    "ari_mean": {
      "val": 0.5186418890953064
    },
    "cifar10": {
      "val": 0.5812588334083557
    },
    "cifar100": {
      "val": 0.589078426361084
    },
    "const32": {
      "val": 0.29755914211273193
    },
    "geo_mean": {
      "val": 0.5057461136353255
    },
    "lsunc": {
      "val": 0.5346255898475647
    },
    "lsunr": {
      "val": 0.5758105516433716
    },
    "uniform32": {
      "val": 0.5335190892219543
    }
  },
  "ood_tt": {
    "ari_mean": {
      "auc": 95.15868718676144,
      "fpr": 13.331765607580826
    },
    "cifar10": {
      "auc": 98.87912312255027,
      "fpr": 3.3052884615384617
    },
    "cifar100": {
      "auc": 98.61745445267847,
      "fpr": 4.096554487179487
    },
    "const32": {
      "auc": 82.0756860915889,
      "fpr": 50.95152243589743
    },
    "geo_mean": {
      "auc": 94.92000752545519,
      "fpr": 0.0
    },
    "lsunc": {
      "auc": 91.43677149985275,
      "fpr": 21.603260869565215
    },
    "lsunr": {
      "auc": 99.95310397953926,
      "fpr": 0.033967391304347824
    },
    "uniform32": {
      "auc": 99.98998397435898,
      "fpr": 0.0
    }
  },
  "test_metrics": {
    "svhn": {
      "L_x": -2.5494107342705936,
      "L_y": 2.0584883725114644,
      "accuracy": 95.15086206896552,
      "bits_per_dim": 2.996229711742564
    }
  }
}