{
  "calib_err": {
    "svhn": {
      "ece": 0.6545168457512318,
      "gme": 3.162715824135784,
      "ice": 4.294026688162492,
      "mce": 11.256281407035173,
      "oce": 4.975124378109452
    }
  },
  "ood_1t": {
    "ari_mean": {
      "auc": 95.70624531682022,
      "fpr": 10.667647946859903
    },
    "cifar10": {
      "auc": 99.44321705985736,
      "fpr": 2.1334134615384617
    },
    "cifar100": {
      "auc": 99.41169552780755,
      "fpr": 2.5841346153846154
    },
    "const32": {
      "auc": 81.72552184172017,
      "fpr": 41.115785256410255
    },
    "geo_mean": {
      "auc": 95.46001577476667,
      "fpr": 0.0
    },
    "lsunc": {
      "auc": 93.71961118526953,
      "fpr": 18.13858695652174
    },
    "lsunr": {
      "auc": 99.94744231190768,
      "fpr": 0.033967391304347824
    },
    "uniform32": {
      "auc": 99.98998397435898,
      "fpr": 0.0
    }
  },
  "ood_2t": {
    "ari_mean": {
      "auc": 95.53604793031168,
      "fpr": 13.012341485507244
    },
    "cifar10": {
      "auc": 98.93543169070513,
      "fpr": 4.5472756410256405
    },
    "cifar100": {
      "auc": 98.84235777243589,
      "fpr": 5.008012820512821
    },
    "const32": {
      "auc": 82.59026442307693,
      "fpr": 44.74158653846153
    },
    "geo_mean": {
      "auc": 95.31681951160529,
      "fpr": 0.0
    },
    "lsunc": {
      "auc": 92.90793138586957,
      "fpr": 23.675271739130434
    },
    "lsunr": {
      "auc": 99.94030230978261,
      "fpr": 0.10190217391304347
    },
    "uniform32": {
      "auc": 100.0,
      "fpr": 0.0
    }
  },
  "ood_d_ent": {
    "ari_mean": {
      "val": 0.09110168367624283
    },
    "cifar10": {
      "val": 0.09470739215612411
    },
    "cifar100": {
      "val": 0.08947384357452393
    },
    "const32": {
      "val": 0.0732048824429512
    },
    "geo_mean": {
      "val": 0.09062741559917017
    },
    "lsunc": {
      "val": 0.09134222567081451
    },
    "lsunr": {
      "val": 0.10224809497594833
    },
    "uniform32": {
      "val": 0.09563365578651428
    }
  },
  "ood_ent": {
    "ari_mean": {
      "val": 0.09496121853590012
    },
    "cifar10": {
      "val": 0.0985669270157814
    },
    "cifar100": {
      "val": 0.09333337843418121
    },
    "const32": {
      "val": 0.07706441730260849
    },
    "geo_mean": {
      "val": 0.09450784123455463
    },
    "lsunc": {
      "val": 0.0952017605304718
    },
    "lsunr": {
      "val": 0.10610762983560562
    },
    "uniform32": {
      "val": 0.09949319064617157
    }
  },
  "ood_tt": {
    "ari_mean": {
      "auc": 95.75920045274678,
      "fpr": 10.665978609253065
    },
    "cifar10": {
      "auc": 99.3088101985344,
      "fpr": 2.1334134615384617
    },
    "cifar100": {
      "auc": 99.1999287067436,
      "fpr": 2.5841346153846154
    },
    "const32": {
      "auc": 82.71228192324467,
      "fpr": 41.105769230769226
    },
    "geo_mean": {
      "auc": 95.54065560565986,
      "fpr": 0.0
    },
    "lsunc": {
      "auc": 93.39737131294844,
      "fpr": 18.13858695652174
    },
    "lsunr": {
      "auc": 99.94682660065057,
      "fpr": 0.033967391304347824
    },
    "uniform32": {
      "auc": 99.98998397435898,
      "fpr": 0.0
    }
  },
  "test_metrics": {
    "svhn": {
      "L_x": -2.1613731865812404,
      "L_y": 2.1211084820366843,
      "accuracy": 96.7826354679803,
      "bits_per_dim": 3.5560495574727082
    }
  }
}