{
  "calib_err": {
    "cifar10": {
      "ece": 0.5189363928535661,
      "gme": 1.3752256273391097,
      "ice": 1.471903669700774,
      "mce": 3.405088062622308,
      "oce": 0.7541478129713425
    }
  },
  "ood_1t": {
    "ari_mean": {
      "auc": 49.01945212467482,
      "fpr": 76.75887402567032
    },
    "cifar100": {
      "auc": 53.52050560544307,
      "fpr": 90.21434294871796
    },
    "geo_mean": {
      "auc": 28.671990987557614,
      "fpr": 71.23805794952372
    },
    "lsunr": {
      "auc": 88.56517234640641,
      "fpr": 40.08152173913043
    },
    "svhn": {
      "auc": 4.972678422174987,
      "fpr": 99.98075738916256
    }
  },
  "ood_2t": {
    "ari_mean": {
      "auc": 75.57099128577882,
      "fpr": 61.15143192483428
    },
    "cifar100": {
      "auc": 54.07457932692308,
      "fpr": 91.43629807692307
    },
    "geo_mean": {
      "auc": 73.80242710785423,
      "fpr": 57.684570328549526
    },
    "lsunr": {
      "auc": 82.18780570652176,
      "fpr": 50.203804347826086
    },
    "svhn": {
      "auc": 90.45058882389164,
      "fpr": 41.814193349753694
    }
  },
  "ood_d_ent": {
    "ari_mean": {
      "val": 0.1577005535364151
    },
    "cifar100": {
      "val": 0.14353489875793457
    },
    "geo_mean": {
      "val": 0.15668852955597423
    },
    "lsunr": {
      "val": 0.14601188898086548
    },
    "svhn": {
      "val": 0.18355485796928406
    }
  },
  "ood_ent": {
    "ari_mean": {
      "val": 0.20865707099437714
    },
    "cifar100": {
      "val": 0.1944914013147354
    },
    "geo_mean": {
      "val": 0.20788363306938196
    },
    "lsunr": {
      "val": 0.19696840643882751
    },
    "svhn": {
      "val": 0.2345113754272461
    }
  },
  "ood_tt": {
    "ari_mean": {
      "auc": 75.59676203952989,
      "fpr": 61.267387425792606
    },
    "cifar100": {
      "auc": 54.02878128643651,
      "fpr": 92.00721153846155
    },
    "geo_mean": {
      "auc": 73.80552055349456,
      "fpr": 57.4886763391968
    },
    "lsunr": {
      "auc": 81.8572691850439,
      "fpr": 52.34375
    },
    "svhn": {
      "auc": 90.90423564710927,
      "fpr": 39.451200738916256
    }
  },
  "test_metrics": {
    "cifar10": {
      "L_x": -1.9060542323650458,
      "L_y": 1.9795109186417017,
      "accuracy": 89.1826923076923,
      "bits_per_dim": 3.9243969465653694
    }
  }
}