{
  "calib_err": {
    "ece": 1.2380969757418199,
    "gme": 11.753186369768741,
    "ice": 22.362489092597727,
    "mce": 58.63974338235294,
    "oce": 26.517916101901086
  },
  "ood_1t": {
    "LSUNR": 0.832773010866299,
    "SVHN": 0.10225806333236627,
    "ari_mean": 0.46751553709933263,
    "geo_mean": 0.29181801741265284
  },
  "ood_2t": {
    "LSUNR": 0.7265699303668479,
    "SVHN": 0.8296907471905788,
    "ari_mean": 0.7781303387787133,
    "geo_mean": 0.776420213809685
  },
  "ood_d_ent": {
    "LSUNR": 0.051067523658275604,
    "SVHN": 0.03270736709237099,
    "ari_mean": 0.041887447237968445,
    "geo_mean": 0.04086911054493881
  },
  "ood_ent": {
    "LSUNR": 0.06264830380678177,
    "SVHN": 0.04428814724087715,
    "ari_mean": 0.05346822738647461,
    "geo_mean": 0.052674257042812644
  },
  "ood_tt": {
    "LSUNR": 0.7261352198844238,
    "SVHN": 0.8284044225995584,
    "ari_mean": 0.7772698212419911,
    "geo_mean": 0.7755859897893718
  },
  "test_metrics": {
    "L_x": -0.3086272241213383,
    "L_y": -0.4090760480134915,
    "accuracy": 90.18429487179488,
    "bits_per_dim": 6.228996969540659
  }
}