{
  "calib_err": {
    "cifar10": {
      "ece": 0.7647025711137815,
      "gme": 4.154956654029847,
      "ice": 5.723951792625129,
      "mce": 16.387434554973822,
      "oce": 3.90625
    }
  },
  "ood_1t": {
    "ari_mean": {
      "auc": 59.3430388627602,
      "fpr": 65.16326136096329
    },
    "cifar100": {
      "auc": 58.21005967320148,
      "fpr": 87.68028846153845
    },
    "const32": {
      "auc": 54.13551756929677,
      "fpr": 72.54607371794873
    },
    "geo_mean": {
      "auc": 47.17549972871764,
      "fpr": 0.0
    },
    "lsunc": {
      "auc": 45.93055070177501,
      "fpr": 89.74184782608695
    },
    "lsunr": {
      "auc": 89.2589862530048,
      "fpr": 41.13451086956522
    },
    "svhn": {
      "auc": 8.533135004924134,
      "fpr": 99.8768472906404
    },
    "uniform32": {
      "auc": 99.98998397435898,
      "fpr": 0.0
    }
  },
  "ood_2t": {
    "ari_mean": {
      "auc": 76.07387625208544,
      "fpr": 58.01402970103775
    },
    "cifar100": {
      "auc": 53.787109375,
      "fpr": 90.87540064102564
    },
    "const32": {
      "auc": 72.56770332532052,
      "fpr": 64.63341346153845
    },
    "geo_mean": {
      "auc": 74.53924580844077,
      "fpr": 0.0
    },
    "lsunc": {
      "auc": 62.911073369565216,
      "fpr": 82.50679347826086
    },
    "lsunr": {
      "auc": 82.1221297554348,
      "fpr": 55.23097826086957
    },
    "svhn": {
      "auc": 85.0552416871921,
      "fpr": 54.837592364532014
    },
    "uniform32": {
      "auc": 100.0,
      "fpr": 0.0
    }
  },
  "ood_d_ent": {
    "ari_mean": {
      "val": 0.0439637117087841
    },
    "cifar100": {
      "val": 0.03794918954372406
    },
    "const32": {
      "val": 0.008167692460119724
    },
    "geo_mean": {
      "val": 0.035030073335268745
    },
    "lsunc": {
      "val": 0.04091533273458481
    },
    "lsunr": {
      "val": 0.043985962867736816
    },
    "svhn": {
      "val": 0.0333038792014122
    },
    "uniform32": {
      "val": 0.09946020692586899
    }
  },
  "ood_ent": {
    "ari_mean": {
      "val": 0.05509953573346138
    },
    "cifar100": {
      "val": 0.049085017293691635
    },
    "const32": {
      "val": 0.019303519278764725
    },
    "geo_mean": {
      "val": 0.048712638926836443
    },
    "lsunc": {
      "val": 0.05205116048455238
    },
    "lsunr": {
      "val": 0.05512179061770439
    },
    "svhn": {
      "val": 0.044439706951379776
    },
    "uniform32": {
      "val": 0.11059603095054626
    }
  },
  "ood_tt": {
    "ari_mean": {
      "auc": 76.05515012848076,
      "fpr": 58.049706116493034
    },
    "cifar100": {
      "auc": 53.74416273569763,
      "fpr": 90.85536858974359
    },
    "const32": {
      "auc": 72.56820247331629,
      "fpr": 64.63341346153845
    },
    "geo_mean": {
      "auc": 74.51689398721396,
      "fpr": 0.0
    },
    "lsunc": {
      "auc": 62.876745795990985,
      "fpr": 82.57472826086956
    },
    "lsunr": {
      "auc": 81.9823912553564,
      "fpr": 55.19701086956522
    },
    "svhn": {
      "auc": 85.16941453616425,
      "fpr": 55.03771551724138
    },
    "uniform32": {
      "auc": 99.98998397435898,
      "fpr": 0.0
    }
  },
  "test_metrics": {
    "cifar10": {
      "L_x": -0.5874831859882061,
      "L_y": 2.0432313634799075,
      "accuracy": 92.43790064102564,
      "bits_per_dim": 5.826692856233008
    }
  }
}